,date,review,rating,isEdited,title,userName
0,2023-08-10 03:11:44,"First of all, they charge you a lot of money for some fast shipping and even if you don‚Äôt get a fast shipping they still charge you a lot yeah I will give them the same day delivering but other than that shipping is overpriced and unless u get that expensive shipping then they are gonna be so careless about when you get your package my package was ordered last month on the 30th and it‚Äôs the 9th now and it‚Äôs still not here when it was supposed to come at 10pm today BY 10pm let me add. And then it says it‚Äôs delayed it hasn‚Äôt even been shipped yet but if I bought that over priced fast shipping they wouldn‚Äôt have been treating like this I know that‚Äôs kinda the whole point but I feel like they prioritize the expensive shipping more than they do regular it‚Äôs not fair to people that don‚Äôt have money and that can‚Äôt afford the same day delivery doesn‚Äôt mean you have to NOT make a free shipping package a priority. And don‚Äôt get me wrong I‚Äôve bought the fast shipping before but it‚Äôs just super overpriced I have patience I‚Äôm not a brat but it‚Äôs just I‚Äôm annoyed at this point I‚Äôm not gonna over pay because I want it by tomorrow but they need to do a better job.",2,False,"Shipping to long, fast shipping overpriced",rose179347
1,2023-07-29 20:03:56,"By law products have to be marked where they are manufactured, but this information is not readily available in this app. I am a big proponent of buying American made products. The information on the products sold does not always contain country of origin information, and sometimes have to dig through the pictures to find out to the point I waist hours looking. And on at least one occasion I thought a product I was ordering was made in the US and found out when it arrived it was made in China so I returned it.

If we could filter by country of origin, this would be helpful. Especially for high end goods like kitchen equipment, furniture, tools, decorative items and wood products where country of origin is largely indicative of the quality of the product. 

Besides this issue, the app is great. Very good search algorithm, and I like how when you search and can shop certain brands.",3,False,It‚Äôs too difficult to determine country of origin of products,mattsayegh
2,2023-08-20 06:01:26,"Once logged in, the app remains logged on until physically logged out. It never times out. Nor does it log out if/when app is closed. If the closed app is reopened, it is still logged on!  This persistently logged on app is ripe for misuse by anyone with access to my phone. Also, the password (or maybe a PIN) should be required (or at least offered as an option) for purchases to prevent unauthorized purchases by children. Lastly, buyers should be given a single receipt for all items purchases. It is difficult to even determine if I received all items purchased at the same time.  When a single order of multiple items are listed singularity by the item but not by the entire purchase, individual items are nearly impossible to track. If I buy 10 different items in a single purchase, I cannot review the entire purchase, but have to remember each item to see if all items are shipped/received.",2,False,App is a disappointment,EgnarMD
3,2023-08-13 00:10:10,"The app makes a lot of things easy enough to navigate right on a phone, but a feature it used to have (long ago) that I greatly miss was the option to move things directly from ‚ÄúSaved for Later‚Äù in cart‚Ä¶ smoothly scooting/sending them to whatever wishlist we wanted to use.

I have things categorized in lists - often by person or home/life function or business necessity, etc. and would really like the option to move things smoothly from the cart (where we generally add things for ease of use when saving options to compare) right into the wishlist we prefer once the individual items have been selected for the future purpose.

It would just help a lot. Please add that option/feature ASAP. I‚Äôd love to move things from cart to the lists I choose without having to visit the individual item listing/sale pages. Thanks!",2,False,Request: Option to Move Items from Cart to Wishlist,forte1234
4,2023-08-08 09:32:37,"You keep updating the app but the kindle part don‚Äôt ever work or show we can order kindle books on this app. I always have to go to the website. While I like the app I shouldn‚Äôt have to keep going back and forth between app and the website when it comes to ebooks. Your app doesn‚Äôt support it so I can‚Äôt never 1) order it 2) see a title, 3) see if series and how many books in series 4)see the cost of the ebook 5) tell me whether or not I ordered it 6) how many prime points it‚Äôs worth. Fix this app so I don‚Äôt have to keep going back and forth between app and website just for the ebooks.

Update: the shopping experiences leaves something to be desired on this app. You keep having updates yet you don‚Äôt update anything that ppl ask for. It‚Äôs daunting to go back and forth between the app and the website. U want ppl to use the app then u need to get with the program.",1,False,App updates,Briobert
5,2023-08-19 17:37:17,First you took away the way ‚Äúliked‚Äù items were marked listed and we could see what we already added to our default list without having to click on the item again for the 5th time just to see the heart is already clicked. It was way easier to compare items while shopping. Please please put a little heart beside the default product thumbnail so I know it‚Äôs on my list!!! So I don‚Äôt have to clock into the product. ‚Ä¶Now today the number of stars was compressed to one star with the number of stars listed beside the star. Now everything looks like it got a one star review and you have read the number of stars. It was so much easier to browse quickly and avoid low rated products. Ugh. Who makes these decisions!?!,2,False,"Ugh, stop taking features we like.",agwalck
6,2023-08-11 21:17:57,"The recent update has made things HARDER! On my account homepage (the person icon), they removed the Your Lists button (and it‚Äôs impossible to actually FIND my lists now) and replaced it with a longer Your Account button (which also doesn‚Äôt provide easy access to my lists without tapping other buttons). Whenever I can manage to find them, the redesign is ridiculous. The ‚Äúgrouped‚Äù option just dumb. I already have my lists grouped how I want them, I don‚Äôt need products grouped or showing me all my items. They need to put groups back in list format so we can look at them. And within the lists they need to add back the option to move items up and down on the list. Why I the world would they remove that??",2,False,Update removes features & ease!!!,Sarahross1011
7,2023-08-05 02:48:57,"So far so good‚Ä¶ EXCEPT as of recently I‚Äôve been having an issue. Say for example a shirt with different color options when I click the shirt and view the other color options it will get rid of the save option (the heart) and I won‚Äôt be able to save said colors to my wishlists for whatever reason like I‚Äôve been able to before. This goes for any and all items as of this update (if there was one) I'm tempting to just reinstall but hopefully this can get fixed. 

‚Ä¢save option disappears upon viewing different options on a specific item (color/sizes)",5,False,Bug?,YumyYumi
8,2023-08-18 15:21:03,"Please get rid of the feature where the models are modeling the merchandise as you‚Äôre trying to scroll through & shop. It‚Äôs extremely frustrating. Maybe it‚Äôs an option where I can turn it off, I‚Äôm not sure. But you can clearly see the merchandise much better in a series of photos just as it was before the video feature. Can‚Äôt see as well on a person who is walking around while wearing a purse & spinning & doing whatever else they‚Äôre doing. Also the video just cuts right in as you‚Äôre already trying to check out the merch. in the photo. Not cool.",4,False,New models videos,jebxbdjs
9,2023-08-09 04:32:06,"Search bar was added to the bottom of the page on mobile. Maybe some A/B test? Really bad navigation decision. I want to swipe right to go back, not adjust my hand position + click a button to perform that same action. Also having a search bar at the bottom of the screen is very counterintuitive. When has a search bar ever been positioned at the bottom of your screen? It‚Äôs very bad.

Secondly, why is the shop UI/Discoverability algo SO horrendous? If you made it easier to discover different storefronts on your app that align with who I follow/my purchase history, I would probably spend up to 30mins more per week on the app. Would suggesting taking a page from literally any other app (LTK, Pinterest, etc)",1,False,"UI, search/discover is archaic",ericaeh12
10,2023-07-25 02:21:24,I do not have prime but I have ordered about four packages and every time I choose the extra fee for next day shipping or sooner shipping and every time it shows up far later than than the free option or cheapest on. All of the packages I have bought have been small packages and have arrived 5 days later than they should of while still charging the fee for faster shipping. I understand their are delays but it happens so often and I still have to pay for such delays every single time. 5 hours ago i ordered some packages and bought next day shipping for 10$ onto the 50$ I already paid just for it to show 2 hours later it will arrive 5 days later.,2,False,The shipping is a scam,Zackxary
11,2023-08-19 17:16:21,"I can‚Äôt find those questions anymore which were often very helpful although sometimes redundant.  And why do you only show a few reviews now?  Also, it was much easier to write a review of a purchase prior to this app.  It sort of feels like you don‚Äôt really want reviews now since they used to be attached to your order info.  What happened?  I also liked the way I could access information much easier before, such as digital orders etc.  This is much harder even though it looks slick it doesn‚Äôt function as well in my opinion.",3,False,Where did the questions about a product go?,Palo73$45
12,2023-08-20 13:19:18,"Looking at the product ratings on the main page is now worse than it was before. Previously you could see the number of ratings next to the star rating. Now you see a percentage of 4+ reviews. That information is useless. If a product has a star rating over 4 then you already know most people rated it over 4. 

Now if I want to see the number of ratings I have to click on each item individually instead of simply scanning the overall search results. This is a huge waste of my time. 

And if it isn‚Äôt obvious, the reason to look at the number of ratings is because a rating of 4.7 from only 22 people means way less than a 4.7 from 10,000 people.",1,False,Product Reviews Now Worse,Garbles
13,2023-08-08 01:01:41,"Literally my first order and there‚Äôs already a major problem,somehow they managed to screw up the order even though my billing and shipping address are thesame,my order left the east coast all the way to the west coast and somehow it says they went to the wrong address in the same state to an address that doesn‚Äôt even resemble mine,like c‚Äômon you were already in the right state,now it‚Äôs telling me my order is on hold,I don‚Äôt even know what to,if I cancel and try to order it again I‚Äôm going to have to wait for it to ship from the west cost again plus the price has gone up plus I might to wait in exitment for 9days for a product that‚Äôs not even coming AGAIN!!!!,thanks a lot amazon,ZERO STARS!!!,Just ABSOLUTELY TERRIBLE!!!üò°",1,False,This is just dum,cxfhhvjgfggg
14,2023-07-23 02:00:29,I ordered a set of books for prime delivery to be delivered today. The driver was literally on my street. I could see the truck from my bedroom window. The weather was calm. Sunny. Hot. Clear skies. I was supposed to be the next stop. Then suddenly I wasn‚Äôt. The driver marked weather delays bad weather and changed my delivery to the next day. For absolutely no reason. I reached out to customer support twice and they did nothing. I pay for prime for a reason. This is completely unacceptable. It ruined my entire plans for the day. I missed book club not only waiting for the books but because they refused to deliver book club for the day had to be cancelled. Ruining many people‚Äôs day and schedule.,1,False,Absolutely unacceptable and ridiculous,H.R.W5700
15,2023-08-01 12:59:57,I‚Äôm not a fan of the search bar being at the bottom. When in chat with customer service the chat box and the search box are right next to each other. I can‚Äôt tell you how many times I went to send a message and accidentally was typing in the search box instead of the message box. Please move it back up higher away from where the search box is within chat. It was much easier to locate when it was toward the top. Thank you.,4,False,Move the search bar,WVWTH
16,2023-08-03 12:26:47,"Been using the app for several years. It‚Äôs fundamentally the same but things keep getting changed and moved and it makes it a pain to do things that soups be easy.
For example the little heart at the bottom left of a picture of an item that you use to add items to your list, is sometimes not there at all. There used to be an ‚Äúadd to list‚Äù button near the ‚Äúadd to cart‚Äù or ‚Äúbuy it now‚Äù buttons but now, more often than not. I can‚Äôt add things to my list, which makes me forget things I would have bought.",3,False,Stop changing things around,Hotroddn1
17,2023-08-06 12:51:39,"You have changed things yet again‚Ä¶Stop it!!!!! What are you people doing? Are ya bored and say, hey for fun let‚Äôs change the app and mess everyone up, yeah that‚Äôll be fun, let‚Äôs do that. Well stop it and put it back!!

The new update us awful! I hope you change it back or give us the option to use the old or the new. I had to look for the search bar and the back arrow, I thought I had opened the wrong app. Your app worked great, so why in the world would you change It?!?!?!?! If it aint broke don't fix it. I have hoped you would offer a dark mode and now it's even brighter than before. I sure hope the ones that can fix this are reading all of these comments and Pls",1,False,New update,tsnoot23
18,2023-08-02 17:20:48,Through a chat we asked member services if they would honor prime day prices on Ring products. $300 off. They said go ahead and order it and they would refund the  difference once the product was received. A note would be made on account.  After items received we were not given $300 but said the best they could do was $63. And no record of previous conversation of course.  Chatted with multiple agents kept getting transferred or disconnected. Refused to honor. We would never have ordered in the first place if we weren‚Äôt told it would be honored. We would have waited for it to go on sale again. Needless to say all items returned. Deceitful to say the least!,1,False,Prime day price not honored as promised,old school box router
19,2023-07-31 05:07:00,"I‚Äôve been avoiding the orders page on the website in favor of the app for the past few years because I wanted to see items in the order they were due to arrive. The website shows items in the order they were ordered with no option to sort them in the way I need. This is a terrible experience with subscribe and save since you insist on show each item individually. A few days ago you changed the app to mirror the websites disfunctionality. Poor choice! Now the orders page is an endless scrolling mess of items delivered, shipped, and not yet shipped. Who can make any sense out of that view?",1,False,Now the app is just as bad as the website,Former buyer
20,2023-08-14 03:14:37,"Update: deliveries are arriving at my front door again. I will shop more now. 
Deliveries are no longer being left on the front door at our complex. They are leaving them in an insecure area becoming a target for package theft. I will not be ordering again. After years and many dollars my business is going somewhere else until the delivery standard is back to where it was. Shame on you for cutting corners.",5,False,Delivered incorrectly.,Lynnabeth
21,2023-07-26 15:09:16,"I went to my app this morning only to find all my data was gone.  I love this app and panicked when everything was missing.  I noticed an update done yesterday. Was this the problem?  All data was there when I logged in on line.  So, I deleted the app and loaded it back.  It asked me to log in which doesn‚Äôt usually happen when I delete and then download back.  Everything was back to normal.   Just makes me a little uncomfortable now.",4,False,Latest update,Linmat45
22,2023-08-07 20:56:48,"But for the life of me, I can‚Äôt figure out how to simply log out of my account. My phone is going in for repair so I want to log out of certain apps.  
I‚Äôm no slouch when it comes to tech. I looked in all the places where I should‚Äôve been able to log out but there was no option. It should NOT be this tricky. So I just uninstalled the app. Will I reinstall? Who knows‚Ä¶ 
I‚Äôm getting this feeling lately that tech companies are making basic things like this more difficult intentionally. I ditched Audible recently for a similar situation. It‚Äôs beyond tiresome at this point.",2,False,"Uninstalled, couldn‚Äôt log out",Nightowl4272
23,2023-07-30 03:32:41,"This is the first time I looked there on the Earth for a while, and when I went in to go and buy a duvet cover, I noticed that my name was different. My name is not Ali and the app named me Ali. I do not understand why my account was completely different when I never signed out of my account and now I cannot delete that account and I don‚Äôt know how to get my other one back because I can‚Äôt call customer service to help me fix it. this may seem like a rant, which it probably is but I‚Äôm just highly frustrated because I never signed out of the app‚Ä¶ and I don‚Äôt understand how this happened.",1,False,The app signed me out of my account and gave me a new one,lubiclark
24,2023-08-05 20:48:07,"I have had to learn to avoid hitting the dumb lightbulb, the new feature that seeks to glorify self-proclaimed narcissist influencers and turn this stupid app into Tik Tok. Eferyrune I hit it accidentally, or in hope that the feature has changed, I see random strangers, usually self-absorbed women, telling me about their latest purchase or whatever. It is the STUPIDEST thing, and I hate whomever in the company decided it was not only a good idea but also a feature they would keep indefinitely. I may as well shop on eBay at this rate",3,False,It gets worse and worse,pointykitty
25,2023-07-23 04:57:55,"Over the past several weeks, I have ordered moving and storage supplies and many other items.  I am amazed that I can still get excellent and immediate assistance with anything I order.  My orders arrive when expected or I am notified of a change.  Drivers are polite and do their jobs well.  You still deserve my business.  Thank you for your dedication to detail.",5,False,Extremely Pleases,Betty878
26,2023-08-08 16:20:28,"The decision to force app users to search the last 30 days of orders by default with no option to search without filters was a mistake. If I want to go find an order I placed sometime in the last few years, I have to keep playing with the filters to find it. Or‚Ä¶ I have to go onto the webpage where I can search without filters.

Doing this makes it harder for me to find something I‚Äôve purchased before and purchase another one. Why introduce this mandatory ‚Äúfeature‚Äù that makes it harder for me to buy stuff?",2,False,Order History,Wombatmatty
27,2023-08-19 14:08:09,"It‚Äôs the new regular it appears not just for this app. Developers making changes and ignoring user feedback that, in majority, dislike said changes. So one star until the search bar is moved back on top where it belongs.

Also, the searches are getting worse and worse. Sometimes you need to drill down multiple times to get to what you are looking for or the searches come up blank when in the browser they come right up. Is it really worth keeping this app at this point? Truly getting to the point at deleting it if it doesn‚Äôt improve soon.",1,False,Continuing to ignore user feedback,Crochetowl
28,2023-08-13 23:39:14,"Waste of time and space on my phone, so quick to mistakenly order things before i can change addresses or payment methods, cannot apply certain gift cards at all and frankly, you ruined my town with your empty warehouse you lied about bringing jobs into and proceeded to run over my grandmother across the street from where your delivery trucks are assembled in CT, but i still have Nissan Altimas pulling up to my house at 4:20am to make a delivery not knowing i am very sketched out on the other side of the door.

 Get lost this greedy corporation is doing no good for the world as a whole.",1,False,Use a computer when ordering,pinkpeppapiglet
29,2023-08-17 11:23:02,"Hate the update. As others have stated, it‚Äôs much more difficult to scroll through options with the star ratings obscured until you click on it. SEEING 4.5 stars (the old way) vs having to READ it, then select to see how many people have rated it. NOT GOOD!! To the developers, c‚Äômon! Don‚Äôt just change things for the sake of change.

Update: Came back just to emphasize even more everything I said above. So now if I am considering an item as I scroll, I have to click on it to see if 1 person reviewed or 10,000. You‚Äôve just added a step for the user.",1,False,"No, just no",eom123
30,2023-08-13 08:14:01,"I am sick of the search bar constantly changing location to the bottom. 

Not having the option to place it at the too where the majority want it is going to lose you kore than just myself as customer. 

Between changing the kindle interface into a gigantic ad spam nightmare without the option to turn any of it off, this is literally the final straw in the forcing of ""features"" that aren't actually features they're terrible design flaws that should just stop for the sake of everyone.",1,False,Stop changing the search bar location,Kvothe99
31,2023-08-09 17:43:46,Need better pharmacy integration with iPad store app or build a separate pharmacy app.  Every time I use a link provided by the pharmacy text it automatically goes to the store app. The instruction to turn off in-app purchases is outdated and misleading. The latest iPhone and iPad version is missing that option in settings. Even using safari and chrome in both iPhone and iPad directs me to the store app. I have to use my Mac without the store app to access pharmacy.,3,False,Pharmacy,Bandit808
32,2023-08-11 17:24:16,"Its easy to shop and buy.. but try reporting info about an expected delivery you didn‚Äôt get, try to add a different address that‚Äôs not already in your address book when an item won‚Äôt ship at checkout, try to add a new credit card, or try to change your phone number..  this app sells stuff nicely, but painful hiccups galore when it comes to managing your info or communicating about a delivery..",3,False,Great shopping but painful management,Mossfeet
33,2023-08-03 01:10:07,I wish for at least the option to move the search bar back to the top. Also would be nice if in my order history it would show what items I‚Äôve reviewed without having to go through the whole order history to find out I‚Äôve already reviewed an item.,4,False,Hate the search bar being on the bottom,linewifelife
34,2023-08-17 02:18:50,"I like the app. It‚Äôs easy and fast. Doesn‚Äôt crash. One change that I don‚Äôt like is not showing how many reviews there are when you are scrolling through different products. Please put that back. If I have to click on the products to see how many reviews there are, I‚Äôll be less likely to buy stuff as it‚Äôs more time consuming.",3,False,Put back where it shows the amount of reviews!,ClaireBell87
35,2023-08-05 01:13:25,"Why have customers if you‚Äôre not going to listen to them? Why have customers if you‚Äôre not going to support them? The app search bar belongs on top of the screen. Look at the feedback! Fix the wish list access to what it was. ‚ÄúCustomer service‚Äù is a joke. They treat you like trash or like a child, then don‚Äôt actually do anything to help. I told them I‚Äôd already uninstalled and reinstalled the app. They asked me to do just that. Is this a f‚Äôing joke to them? Stop wasting my time!!",1,False,"Terrible search bar location, terrible customer service",Hollacious
36,2023-08-04 11:50:36,"I don‚Äôt know if it‚Äôs just mine or what but once I click on a item then change size or color it will no longer let me save it to my wish list, the heart completely goes away, I have to go back to the suggested items and re-click on the item again and just save the first one that shows up then change it when I‚Äôm ready to purchase. Anyone else having this issue? Also, don‚Äôt like the search bar being on the bottom.",2,False,Wish list,fred227701345
37,2023-08-04 00:52:26,"You‚Äôd think a shopping app would make shopping easier not more difficult. 
At one point you‚Äôd click to view lists and you‚Äôd see all the lists. Now to ‚Äúsee all‚Äù lists takes multiple extra steps and time. 
Additionally it‚Äôs really inconvenient to add items to lists, having to scroll down and find a tiny button. Maybe it‚Äôs me, but often it can be tricky to find the ‚Äúadd to list‚Äù button as it gets buried and moved around.",2,False,Make using lists easier,Simosimo9319
38,2023-08-15 22:54:38,"Really need to make searches more tailorable.   There‚Äôs too much showing up that is not wanted.  If I‚Äôm looking for Apple pro case,  Do not show me Apple pro MAX!   If I‚Äôm looking for a ue megaboom do not show me boom 3. They look the same in pictures but both are a considerable size difference 
and wasted your shipping as it was completely unwanted but unknown til seen in person.  Used to be able to -(a term) to minus filter out. Bring that fix back",3,False,Search engine,MesaWind-opoly
39,2023-08-04 02:33:21,It‚Äôs unbelievable how many times I‚Äôve had to pay out of pocket to return a product that was damaged in shipping/warped/bowing/not the right product/not the right color/etc. I‚Äôve always had help from the customer service. The sellers on the other hand have ultimately left me with giving not the brightest review. A lot of times money has been wasted.,3,False,"Unusable products, pay to ship back, good customer service",ShoppingZombie
40,2023-08-04 21:28:54,"I don‚Äôt know if these apps have some kind of contract(s) that state they need to have a certain amount of updates before a certain time. But this last one is so dumb and ridiculous and impractical. Why is the search bar permanently on the bottom of my screen ?? Literally what was the point of that, it looks ugly and it‚Äôs so dumb. I don‚Äôt know why this has been changed, I liked the search bar at the top before. At least give us an option in setting to change where it is. Literally stupid asl.",1,False,Random updates,roachyieyeiye
41,2023-08-01 18:53:42,"Why do all tech companies have to keep destroying the usability of their apps?  If you want to have a ‚Äústicky‚Äù brand and user experience, STOP changing it. Move the search bar back to the top of the app. 

Also, fix the audio interrupt that forces iPhones into cellular call mode (which changes what speakers your phone will use when connected to a car) for those of us that refuse to allow microphone permissions. 

This is two strikes and I‚Äôm really close to just deleting the app completely.",1,False,Move the search bar back to the top,1bigtire
42,2023-08-09 02:25:15,"Almost everything I buy says it will be here next day and even when I select next day it usually never comes next day. I would be ok with them delivering my package later if they let me know it would be delivered later, but when I expect something it‚Äôll say arriving today by 10pm, it will almost never arrive by then but tomorrow instead. It‚Äôd be nice if they would just be honest.",2,False,If you‚Äôre not going to ship my package same day then don‚Äôt say you will,spinnyd
43,2023-08-18 03:13:43,"Gave me an estimate time of a 12+ hour window!? Seriously!? I was off all day and waiting then for it to not show up!? It was otw how many times???  I don‚Äôt want to sound like a Karen but you guys sure did lose a customer!!! Gratefully would rather spend $50 on gas for 10ish gallons and get cheaper deals in store rather spending over $100 and a 5.99 shipping fee for the lies you tell! Lol rant over it was either that or stay up crying all night because I‚Äôm mentally Ill and the small things in life make me happy. So that‚Äôs my Karen story/rant. 
Over, The End.",1,False,Shipment,Bj The Queen
44,2023-08-19 16:29:33,"The search bar at the bottom is so inconvenient. I accidentally tap it constantly while trying to shop. It's extremely irritating. Now, instead of telling me how many reviews something has, it just says what percentage of reviews are 4+ stars or whatever. I'd rather see the number of reviews. Something with 50 4+ star reviews is not as trustworthy as something with thousands of 4+ star reviews. All of the app updates are just making the user experience worse.",1,False,Latest updates are trash,skytay32
45,2023-07-31 19:29:22,"I‚Äôm not one to write reviews, but I am beyond frustrated with this app. I search for a product, filter the results by ‚ÄúAll Prime‚Äù and then click into a product to look at the details - when I go back to the search results, my entire search resets and I have to start all over. This is extremely frustrating and honestly makes me not want to use the app at all. Fix your programming, it never used to do this.",2,False,So frustrating!,Beatlegirl7777000
46,2023-07-28 02:39:26,"Amazon‚Ä¶.I love this app so much and use it all the time, but literally why would you change your list thingy. Its so ugly and more confusing now. Why do apps feel the need to constantly change/update their app when its perfectly fine as it is. Please don't change anything else its good as it is and this new list updated is very much more confusing and not good. Pleaseeeee change it back. Ill pay u like $10 to chnage it, i hate change and i especially hate this change. ITS SO MUCH MORE CONFUSING NOW PLEASEEE FIX IT üò≠",1,False,please,piggy moo oink cow
47,2023-08-15 18:08:15,"I don‚Äôt see a setting to choose HUB LOCKER LEVEL I already spoke to customer service locker section and the agent said it is changed to high level, yet on this app I STILL SEE (lower locker) why? üîäPRIME MEMBERSHIP I was able to write reviews on items I purchased until recently NO EXPLANATION GIVEN AND I SPOKE WITH SOMEONE 3 weeks ago and no one called to RESOLVE MY CONCERNS! üì£Counter Locker I tried both DELIVERY AND PICKUP, delivery I don‚Äôt like when the BUSINESS OWNER or staff signs my name or initials like I personally picked it up. Pickup the address label had the NAME OF BUSINESS INSTEAD OF MY NAME CAUSED ON NUMEROUS OCCASIONS FOR MY ITEMS TO BE OPEN BY OWNER OR EMPLOYEE‚ÄôS.",1,False,PRIME MEMBERSHIP,Trnyii
48,2023-07-29 05:41:33,"As soon as I ordered something I needed it logged me out of my account and when I tried to log back in it said to provide a file or something I don‚Äôt even know what it‚Äôs for, after I tried logging in it said I would take 24hrs to review the billing and payments, I waited 24hrs and nothing happened and still can‚Äôt log in or track my package which I payed 10 dollars extra so it arrives faster and still haven‚Äôt gotten it",2,False,Account,xuzjh
49,2023-08-18 16:05:37,I have been a prime shopper for a few years @ everything i have bought has been quality products.  I have my lids make a wish list so i know what to get for birthdays & Christmas. So easy & for if i have to return it is is easy.,5,False,Everything,Bearjan47
50,2023-08-01 21:11:46,"I use to be able to switch size of clothing and or color and still be able to save to a list but I am unable to do that currently.
What ever the listing is for color and size u can only save that one once u change color or size the heart logo to save to list disappears. So everything in my list in incorrect size or color that I wanted so now family members will buy gifts in wrong size and color. This needs to be fixed asap",1,False,Can‚Äôt save items in my style or size,Harleysmom78
51,2023-07-31 13:15:05,"Well- just woke up to find they have yet again moved the search bar to the bottom of the screen. I hate it! I am used to having a search bar at the top of a screen (like every other app out there).
If they want to make moving it down an option, that would be fine, but I want it back at the top. It is totally screwing up my shopping experience!!",2,False,Stop moving the search bar,Krissysmurf
52,2023-07-31 07:56:34,"Can‚Äôt select or deselect all items in the cart like in desktop web. I have to remove all items in my cart if I want to purchase 1 item. Sure I can just view 1 product detail and click BUY NOW with ‚ÄúSwipe to place order button‚Äù, but it was a nightmare. 

I did it one time.. and the delivery dude came at 3am in the morning and keep texting me, calling me about delivery when I was sleeping. There was no options about delivery when I click BUY NOW on iPhone app.",1,False,Can‚Äôt select / deselect all,hatethispart
53,2023-07-30 18:03:23,"I‚Äôve used this app for years, but whatever updates have been made in recent months are atrocious and buggy. 

- Pages stop loading while scrolling. 
- Search bar gets obstructed while entering search terms. 
- Sort order changes number of results. Cart fails to load.
- Searching order history returns entire order rather than matching item.
- Clicking product links goes to item not found page.

Not to mention unintuitive design choices like having an different active searches in the main tab and order tab, or completely confusing menu organization.

This app should well honed and seamless at this point. Are you farming this out to a set of completely inexperienced group of designers and developers? Get your act together.",1,False,Terrible updates,TLBratt
54,2023-08-19 19:47:22,The most horrific change in UI history has been reversed. Still only giving 4 stars because you have a serious problem with whatever individual made this change is still most likely employed. What a disastrous change. Thankfully it‚Äôs been reversed.,4,False,Star System is Back Thank Gaed,IvannaGolfer
55,2023-08-20 08:46:46,"Please please please take me out of the a/b test you have put me in for the new rating format. It is terrible and uninformative and a bait click just to force me into the item to see what the real rating is (count). Rating is also hard to parse in item list view because you shortened into a consistent one star format. Please take me out of the experiment. It‚Äôs a terrible user experience and an increase in clicks is not a good measure of whether the feature is good or not. 

Thanks.",1,False,New rating format is a bait click,Just.xl
56,2023-08-17 21:59:57,I have never had issues with it. Things are easy to find in it. Sometimes I've had to dig through menus to change certain things but a simple Google search provides plenty of help.,5,False,About the app,GroverDDog
57,2023-07-29 00:35:39,This app was an amazing app the only problem was I could figure out how to move the search bar from the bottom back to the top but that‚Äôs the only problem other than that amazing app,5,False,Amazing just one problem,bridget colby
58,2023-08-16 10:53:48,"The search bar is now at the bottom of the page and I HATE it!!!!!!!!!

Also since the stupid, ridiculous update and changes I can no longer complete a return. It won‚Äôt let me no matter what I‚Äôve tried. It just keeps wanting me to ‚Äútroubleshoot on my own‚Äù after I‚Äôve already typed in that the product came in badly damaged! How on earth do I troubleshoot that on my own??? Give me the option to return the item!!!! üò°üò°üò°üò°",1,False,Moved search bar/can‚Äôt complete return,junction8151
59,2023-08-10 18:46:16,"For people with visual sensitivity or impairment not having any way to stop videos from playing automatically or at least a pause option makes this app nearly unusable. If I‚Äôm searching for something, I don‚Äôt need a video flashing at me trying to get me to buy something completely different.",3,False,Videos play automatically,SeekerCons
60,2023-07-28 08:23:32,Please give us the option to put the search bar back on top. I can see my searches easier and navigate better from years of searching with the top bar search! I can‚Äôt stand the new search at the bottom and many of my friends say the same thing. Please at least give us the option to move the search bar back to the top of the gui.,2,False,Hate Bottom Search,ncpilotgirl
61,2023-07-24 04:29:32,App not bad but the home page leaves me looking for the same selections that there are on the website. For example I have a difficult time finding my saved ‚Äúlists‚Äù on the home page of this app. I know it must be there somewhere.~,4,False,User interface,gydancer
62,2023-08-02 00:33:07,"I‚Äôve been a prime member for years and I think I‚Äôve reached the final straw. I completed the registry requirements. Purchased and item and still cannot claim my welcome box. Consumer reports and complaints here I come. 

‚Äú complete 60% of your Registry Checklist by adding products from each category to your registry or marking the category as complete, make a purchase of $10 from your registry (either by you or your friends and family), and click the ‚ÄúClaim Now‚Äù button.",1,False,False Advertising,meganannminton
63,2023-08-18 16:50:00,"This app recently received an update where the removed the way to change the country.
Maybe this setting is now hidden under multiple layers of settings or they want users to go to a different url and do it. In any case this is a horrible horrible UX regression and a failure.",3,False,Unpredictable and sometimes horrible updates,Arungrover
64,2023-08-10 16:28:43,"It‚Äôs 2023. There is NO REASON WHATSOEVER that I should have to keep manually adding or editing a card every time it changes. You don‚Äôt need it. You are already tracking my purchases via my account. It is a security risk to me that you are keeping my untokenized credit card information. 
Will update to 5 stars if you enable Apple Pay like you should have done years ago. Apple should require it for all apps that take payment.",1,False,No Apple Pay option,daulyp
65,2023-08-10 05:42:17,"I‚Äôve been trying to but things that I want with a 100$ gift card I got and every time I put a order in it says it‚Äôs delivering and five minutes later it just completely cancels every order over and over again. 
I have been trying for days now and I still does the same crap! I purchase something, put my location in and it just completely cancels everything. After that happens about a few times I have to log in to my account again for it to just say ‚Äúoops we can load this right now‚Äù. 
And then I‚Äôm stuck on the homepage, can‚Äôt sign in. 
And what doesn‚Äôt help is that I try to report these problems on the app but it doesn‚Äôt do anything. It just says ‚Äúoops‚Äù again. 

So stupid.",1,False,Purchased but always canceled,Connor pw
66,2023-08-15 16:31:12,"Was receiving constant deal notifications by default. Thankfully found there is an option to turn them off. But, it wasn‚Äôt clear on finding this ability to turn them off.",4,False,Notifications,mp3182
67,2023-08-12 15:03:34,So every time I buy something it logs me out of my account I try to log back in and it says there is no account to this number and email and I was finna spend about 100 something y‚Äôall trying to scam me and it don‚Äôt work I just lock my card but y‚Äôall need to get y‚Äôall‚Äôs stuff straight I‚Äôm not buying from y‚Äôall anymore bc it happens every time and I just want my stuff but no so don‚Äôt buy off of here just trying to scam you like everyone else,1,False,Scam,Dont worryy
68,2023-08-09 20:10:30,I haven‚Äôt any problems but if a dark mode was adddd that would be prefect then. I suffer from increase glare and brightness from glaucoma. Many other apps have a setting where you can enable a dark mode. The white background makes it hard to see.,4,False,Dark mode please !,Opie-Wan
69,2023-08-09 12:09:20,I ordered drywall stilts aug 7 had a problem with my payment i updated information 3 times all 3 times it changed date of delivery for me to cancel it in the end and have to buy another item similar for again a different day I needed this item at the begining of the week now i habe to wait longer crossing fingers it doesnt need payment update again,2,False,order,vflo92
70,2023-08-01 16:34:36,They should hire new app engineers and let the current crew go. New updates removed the heart for adding an item to the list for researching later or hey whatever list you desire but they‚Äôve made it difficult to find now you have to scroll down waste time then add then add again. Searching is a disaster the filters are pathetic and they will always toss in a product that‚Äôs not relevant to your search. They‚Äôve become a disaster.,1,False,Disaster,ScottLeeWebb
71,2023-08-20 08:28:35,Why are the photos huge in the new list of results? It‚Äôs making for an awful search experience. Smaller icons let me scan down  the list quickly and identify which item I want to click into to view or if there are multiple similar items for the same search result so can see the prices for similar items without scrolling.,1,False,Photos too large on search results,Snickitybot
72,2023-08-17 21:38:37,I got the prime membership for the free two day shipping. Lots of items are prime elegible but very few are two day shipping. Pretty much paying for nothing. The make it hard to get in contact with them. I assume by design as that‚Äôs what most large companies do. We‚Äôve been suckered into online shopping for the convenience which is no longer a convenience. Hopefully we all wise up and stop giving these crooks our money,1,False,Frauds,Jpb2469
73,2023-07-23 07:15:25,"I‚Äôm very frustrated right now listening to a podcast. If I search for something that has a video for the product, just scrolling down through the list, it keeps turning my podcast off and there‚Äôs no way to fix it. Absolutely ridiculous!  If I want to watch a video, I will click on the product.",2,False,Pictures only please!,bemmo04
74,2023-08-19 17:46:17,The new version with the search at the bottom and. It showing the review stars unless you click on it is annoying.  Don‚Äôt change what isn‚Äôt broken.  Fix what is actually a problem besides trying to redesign the look.,3,False,Change it back,999888777
75,2023-08-08 22:33:52,"For some reason in the last couple of days shutting I look at says can't be shipped to my location, even a book! Also my order history is completely blank, says I haven't placed any orders in the last 3 months even though I ordered this week, last and have subscription orders pending.",2,False,Nothing but problems today with app,boredoutof mind
76,2023-08-17 16:54:52,"I ordered these headphones and they took my money and the day before they were shipping it to my house, they say I don‚Äôt have the money for it. This is honestly ridiculous, I paid $400 for these headphones and i‚Äôm not even going to get them. This is so unacceptable, I can‚Äôt believe I got ripped off like this. This app scammed me for the money. I paid $400 for these headphones and didn‚Äôt get them because they ripped me off and just took my money.",1,False,Worst thing ever.,iloveekenny
77,2023-08-05 02:06:44,This app is so buggy anymore. This thing runs like a starter app for a new company. Search randomly bugs out with no results. Scrolling locks the app up then force closes it. Favorite ‚Äúüíú‚Äù button constantly MIA. Have to add the item to the cart. Then click on it in cart to get it the üíú to show up again. Then favorite. Then remove from cart. Really fluid process for browsing let me tell you üëå.,1,False,What has happened to this app?!?,K3WP
78,2023-08-16 23:47:54,Between the monthly subscription fee and the taxes not counting the delay in shipping it‚Äôs not convenient anymore. The last three orders I‚Äôve done were delayed in transit so after the delay and taxes plus monthly subscription I actually saved a whole one dollar and did with out my product for a week versus picking up in store same day trying to save a couple of dollars,1,False,Went from great to why do I still use,Dissatisfied 81
79,2023-08-10 06:13:44,"What a waste of time, after confirming my order of $181 for supplies needed the next day they canceled my order and only $24 worth of the supplies were ordered. Won‚Äôt even tell me what items were canceled. Canceling prime and going back to being prepared and not depending on overnight shipping‚Ä¶‚Ä¶‚Ä¶‚Ä¶...
 *UPDATE* After reordering everything and continuing to shop around, my account was locked. Never again.",1,False,Canceled my order after confirming,Mr. Hatestimewasted
80,2023-08-09 02:40:37,"This app has alot of potential, but i ran into a few issues.
1: i tried to buy a product, only to find that i could not use my gift card balance to make the purchase. I only use amizon gift cards.
2: no access to customer service.
3: no way to report stolen packages.",3,False,"It‚Äôs good, but‚Ä¶",Chihuahua33
81,2023-08-06 19:52:50,"I placed an order on june 19, 2023, and it said it would arrive on july 31, 2023 but it didn‚Äôt. The tracking just said ‚Äúrunning late‚Äù with no further information for DAYS. Now I‚Äôm trying to refund and they‚Äôre telling me to press select problem with order and I did not find that option ANYWHERE. They are so bad at helping me and I‚Äôm only able to talk to useless robots that don‚Äôt understand my issue. HELP ME!",1,False,I never received my order,midari ikishimaa
82,2023-08-06 01:38:50,"Updates aren‚Äôt always good even though I‚Äôm sure that was the intention.     Moving the search bar to the bottom was just plain dumb!    The moving of other feature is also dumb!  
The app doesn‚Äôt even look or function the same anymore. 
The only good part is the ease of reaching subscribe and save.   
It makes me wonder if anyone actually asked end users about these ‚Äúupdates‚Äù?",1,False,Recent update is BAD,Susan1010101
83,2023-08-05 04:35:12,Hi on the browser if it‚Äôs possible to make it like before where u can drag the item and move it to anywhere you want to organize. It is really helpful thanks!,5,False,Wishlist,Imteaz Mannan
84,2023-08-18 03:17:23,"I ordered a package last week that was supposed to be delivered on monday. Its THURSDAY NIGHT and I still haven‚Äôt received my package. When I used the app to talk to customer service after the first ‚Äúdelivery attempt‚Äù and today‚Äôs I couldn‚Äôt get help to change the the address, the delivery time or where I could pick up the item myself. Its a waste and disappointing. And the fact I pay for prime pisses me off the most.",1,False,Worst Customer Support EVERRR,loopiol
85,2023-07-26 20:51:05,"They just never read any ""delivery instructions ""  they deliver my packages to my neighbors and my neighbors packages to my door multiple times. Nothing is done about it. I cannot report my packages missing until after 24 hours. This is very frustrating that the customer service is not helpful and the delivery driver must hate their job and is not very good at it either.",1,False,Delivery is constantly messing up,EternalDepression
86,2023-08-20 00:13:16,"I do like the percentage of 5 star reviews but I‚Äôd rather know number of ratings.  75% 5* reviews means nothing if there‚Äôs only 4 reviews. Bring back number of reviews please. You‚Äôre wasting my time, I‚Äôm less likely to buy a product with a few reviews and absolutely refuse to buy one now as I feel duped into clicking it.",2,False,Downgrade a couple of days ago.,Arcticfury!
87,2023-08-15 17:44:55,The latest updates include moving the search bar to the bottom of the screen which goes against everything people have been doing for decades and serves no benefit to the consumer. They also added an ‚Äúinspiration‚Äù area which is completely useless. There is no customization so users are stuck dealing with whatever new terrible design idea comes next.,1,False,Terrible UI,msjfbci
88,2023-08-13 02:21:57,"Since the last update to the app my app has not worked correctly. If I delete to reinstall I‚Äôm afraid I‚Äôll
Lose everything I have in my history. Is anyone else having issues with the app?",4,False,What‚Äôs going on?,Applelady66
89,2023-08-11 23:35:40,Since I can‚Äôt drive this helps me (and probably a lot of other people ) I can get a lot of items and great when they are on sale.,5,False,No driving,The first topper
90,2023-08-20 04:47:33,Update to this app puts search bar on bottom of iPhone screen. Sending kindle content from ‚Äúmanage device and content‚Äù no longer works as the search bar covers response buttons.,3,False,Search bar obscures response buttons,Niko_sandiego
91,2023-08-07 02:17:08,"At least half the items that say same day or next day delivery with prime still end up not coming until 3-4 days after I order, thought the whole prime thing was about how fast I‚Äôm supposed to get what I order, disappointing",3,False,Why do I pay for prime,Shadowow1
92,2023-08-05 14:27:45,"Ever since the update where the search is at the bottom of the screen, I really can‚Äôt seem to get accustomed to the changes. They layout of ‚ÄúYou Lists‚Äù isn‚Äôt great either. I‚Äôll most likely b delete the app and just use the mobile browser to place orders.  The lists section is also based on the mobile site, but everything else is more maneuverable, for me.",1,False,Layout isn‚Äôt great,ELMago13
93,2023-08-10 17:18:11,"Sometimes I get one small thing in a big box , but I‚Äôm sure you have your reasons. 
I‚Äôve been super happy with every aspect of this company for many years",5,False,There great,$&(/.'tsjo
94,2023-07-25 16:26:40,"We bought the speakers, and so far they are great very clear and good sound comes through it, and I like out lights up very pleased with our new speakers went great with my new WebCam. Thank you.
RobertGlenna",5,False,Nylavee  speakers,Nylavee
95,2023-08-03 17:11:35,"I‚Äôll be doing much more shopping elsewhere. I don‚Äôt find this app user friendly at all. It is not nearly as easy to browse. Just when I find something I want to look at more in depth it whisks me off to another page and I cannot get back to where I was NIT FINISHED LOOKING!
I did not download this app. I much prefer the old format. I‚Äôm pretty much forced to limit my choices to those I can find locally.",1,False,Terrible App,Slplynn
96,2023-08-10 12:00:47,"Sitting out back on my patio with my coffee ordering fun things for my daughter, son-in-law & grandson‚Äôs new house so they can enjoy making it their home!!",5,False,Having fun ordering things for my kids new house!,janetjarmosco-see
97,2023-08-13 20:10:54,"The company has transformed the app in an advertising engine reducing the value of the searches and the value of my time. Customer service, as many other reviewers said, is worse than that of cable companies. This app has become the necessary evil but at some point there has to be an alternative.",2,False,Best game in town but still HORRIBLE,Bostonian 84
98,2023-08-04 23:44:43,"I use this app all the time and i love it so much! It has pretty much everything you could possibly want or need, and fair prices for pretty much everything! 5/5 stars:)",5,False,Best app ever!!,Bellabooü§´
99,2023-07-31 14:17:21,Prime is so overpriced and they don‚Äôt include a lot of their services in it like music. A lot of stuff doesn‚Äôt even come within the two day period and a lot doesn‚Äôt even have that option included. Not worth it. It‚Äôs a convenience but not sure it‚Äôs worth the price,3,False,Prime is overpriced,macimae821
100,2023-07-24 23:59:41,"I hate how I can‚Äôt find what I wanted when I put in a item. Then the results has so many things that I didn‚Äôt want. It makes finding what I want to take forever to find. 
This multiple items is a freaking nightmare. 
Can‚Äôt you JUST pull up what I asked for??",3,False,Hard to find,Sfrcma
